{
    "EX": 58.82352941176471,
    "total_correct_count": 90,
    "total_item_count": 153,
    "simple_stats": {
        "correct_number": 32,
        "count": 46,
        "ex": 69.56521739130434
    },
    "moderate_stats": {
        "correct_number": 41,
        "count": 73,
        "ex": 56.16438356164384
    },
    "challenging_stats": {
        "correct_number": 17,
        "count": 34,
        "ex": 50.0
    },
    "fail_q_ids": [
        1152,
        1205,
        1256,
        847,
        948,
        198,
        239,
        12,
        1480,
        1480,
        1480,
        1422,
        1171,
        1029,
        1135,
        967,
        728,
        665,
        484,
        219,
        255,
        37,
        1480,
        1526,
        1404,
        1162,
        1227,
        1275,
        861,
        902,
        959,
        1014,
        716,
        26,
        83,
        1501,
        1334,
        1457,
        1247,
        1036,
        1145,
        682,
        281,
        100,
        173,
        1350,
        1257,
        1048,
        896,
        950,
        1001,
        595,
        17,
        72,
        125,
        1490,
        1175,
        1239,
        915,
        347,
        260,
        94,
        152
    ],
    "config": {
        "mode": "dev",
        "model": "gpt-4.1-mini",
        "temperature": 0.0,
        "top_p": 1.0,
        "max_tokens": 4096,
        "n": 1,
        "pipeline_order": "CSG-QE-SR",
        "enrichment_level": "complex",
        "enrichment_level_shot_number": 3,
        "enrichment_few_shot_schema_existance": false,
        "filtering_level_shot_number": 3,
        "filtering_few_shot_schema_existance": false,
        "cfg": true,
        "generation_level_shot_number": 3,
        "generation_few_shot_schema_existance": false,
        "db_sample_limit": 10,
        "relevant_description_number": 20,
        "seed": 42
    },
    "tempo_medias": {
        "avg_SF": 0.0,
        "avg_CSG": 241.81720633288614,
        "avg_QE": 44.29825930190242,
        "avg_SR": 23.363933008480696,
        "avg_total_time": 309.47939864326923
    }
}