{
    "EX": 60.264900662251655,
    "total_correct_count": 91,
    "total_item_count": 151,
    "simple_stats": {
        "correct_number": 31,
        "count": 46,
        "ex": 67.3913043478261
    },
    "moderate_stats": {
        "correct_number": 43,
        "count": 70,
        "ex": 61.42857142857143
    },
    "challenging_stats": {
        "correct_number": 17,
        "count": 35,
        "ex": 48.57142857142857
    },
    "fail_q_ids": [
        1152,
        1205,
        1256,
        847,
        948,
        539,
        198,
        239,
        1422,
        1171,
        1029,
        1135,
        967,
        728,
        665,
        484,
        219,
        37,
        149,
        1480,
        1526,
        1404,
        1162,
        1227,
        1275,
        861,
        902,
        959,
        1014,
        716,
        405,
        26,
        83,
        1501,
        1334,
        1381,
        1457,
        1247,
        1036,
        1145,
        682,
        281,
        100,
        173,
        1257,
        1048,
        896,
        950,
        595,
        17,
        72,
        125,
        1490,
        1175,
        1239,
        915,
        260,
        36,
        94,
        152
    ],
    "config": {
        "mode": "dev",
        "model": "gpt-4.1-mini",
        "temperature": 0.0,
        "top_p": 1.0,
        "max_tokens": 4096,
        "n": 1,
        "pipeline_order": "SF-CSG-QE-SR",
        "enrichment_level": "complex",
        "enrichment_level_shot_number": 3,
        "enrichment_few_shot_schema_existance": false,
        "filtering_level_shot_number": 3,
        "filtering_few_shot_schema_existance": false,
        "cfg": true,
        "generation_level_shot_number": 3,
        "generation_few_shot_schema_existance": false,
        "db_sample_limit": 10,
        "relevant_description_number": 20,
        "seed": 42
    },
    "tempo_medias": {
        "avg_SF": 39.386161395256096,
        "avg_CSG": 19.837255684745234,
        "avg_QE": 8.09449671751616,
        "avg_SR": 19.771838096593388,
        "avg_total_time": 87.08975189411088
    }
}