{
    "EX": 62.913907284768214,
    "total_correct_count": 95,
    "total_item_count": 151,
    "simple_stats": {
        "correct_number": 34,
        "count": 46,
        "ex": 73.91304347826086
    },
    "moderate_stats": {
        "correct_number": 44,
        "count": 71,
        "ex": 61.97183098591549
    },
    "challenging_stats": {
        "correct_number": 17,
        "count": 34,
        "ex": 50.0
    },
    "fail_q_ids": [
        1480,
        1152,
        1205,
        1256,
        847,
        948,
        994,
        198,
        1422,
        1171,
        1029,
        1135,
        967,
        728,
        665,
        484,
        219,
        255,
        37,
        1480,
        1526,
        1404,
        1162,
        1227,
        1275,
        861,
        902,
        959,
        1014,
        26,
        83,
        1501,
        1334,
        1247,
        1036,
        1145,
        682,
        281,
        100,
        173,
        1472,
        1257,
        1048,
        896,
        950,
        1001,
        595,
        17,
        72,
        125,
        1490,
        1175,
        1239,
        260,
        94,
        152
    ],
    "config": {
        "mode": "dev",
        "model": "gpt-4.1-mini",
        "temperature": 0.0,
        "top_p": 1.0,
        "max_tokens": 4096,
        "n": 1,
        "pipeline_order": "CSG-SR",
        "enrichment_level": "complex",
        "enrichment_level_shot_number": 3,
        "enrichment_few_shot_schema_existance": false,
        "filtering_level_shot_number": 3,
        "filtering_few_shot_schema_existance": false,
        "cfg": true,
        "generation_level_shot_number": 3,
        "generation_few_shot_schema_existance": false,
        "db_sample_limit": 10,
        "relevant_description_number": 20,
        "seed": 42
    },
    "tempo_medias": {
        "avg_SF": 0.0,
        "avg_CSG": 37.238770543344764,
        "avg_QE": 0.0,
        "avg_SR": 18.629451705919987,
        "avg_total_time": 55.86822224926475
    }
}